company,ticker,currency,unit,fiscal_year,period_end,revenue,operating_income,net_income,total_assets,equity,current_assets,current_liabilities,operating_cash_flow,goodwill,goodwill_impairment
Take-Two Interactive,TTWO,USD,million,2018,2018-03-31,1792.9,,173.5,3737.8,1489.0,2409.2,1726.9,493.5,399.5,
Take-Two Interactive,TTWO,USD,million,2019,2019-03-31,2668.4,206.7,333.8,4243.1,2040.6,2827.8,1951.8,843.5,381.7,
Take-Two Interactive,TTWO,USD,million,2020,2020-03-31,3089.0,425.3,404.5,4948.8,2539.2,3493.4,2038.5,685.7,386.5,
Take-Two Interactive,TTWO,USD,million,2021,2021-03-31,3372.8,629.4,588.9,6028.2,3331.9,4220.5,2234.7,912.3,535.3,
Take-Two Interactive,TTWO,USD,million,2022,2022-03-31,3504.8,473.6,418.0,6546.2,3809.7,3871.1,2105.0,258.0,674.6,0
Take-Two Interactive,TTWO,USD,million,2023,2023-03-31,5349.9,-1165.2,-1124.7,15862.1,9042.5,2508.1,3851.6,1.1,6767.1,0
Take-Two Interactive,TTWO,USD,million,2024,2024-03-31,5349.6,-3590.6,-3744.2,12216.9,5667.9,2259.7,2406.4,-16.1,4426.4,2342.1
Take-Two Interactive,TTWO,USD,million,2025,2025-03-31,5633.6,-4391.1,-4478.9,9180.7,2137.7,2815.9,3615.8,-45.2,1057.3,3545.2
Take-Two Interactive,TTWO,USD,million,2026,2026-03-31,6656.4,-104.2,-298.2,9383.2,3510.9,3199.5,2588.8,624.3,1061.9,0
Electronic Arts,EA,USD,million,2018,2018-03-31,5150,1434,1043,8584,4595,6004,2491,,1883,
Electronic Arts,EA,USD,million,2019,2019-03-31,4950,996,1019,8957,5331,6381,2265,1547,1892,
Electronic Arts,EA,USD,million,2020,2020-03-31,5537,1445,3039,11112,7461,6517,2664,1797,1885,
Electronic Arts,EA,USD,million,2021,2021-03-31,5629,1046,837,13288,7840,7213,2964,1934,2868,
Electronic Arts,EA,USD,million,2022,2022-03-31,6991,1129,789,13800,7625,4151,3513,1899,5387,
Electronic Arts,EA,USD,million,2023,2023-03-31,7426,1332,802,13459,7293,3969,3285,1550,5380,
Electronic Arts,EA,USD,million,2024,2024-03-31,7562,1518,1273,13420,7513,4247,3090,2315,5379,
Electronic Arts,EA,USD,million,2025,2025-03-31,7463,1520,1121,12368,6386,3276,3459,2079,5376,
Electronic Arts,EA,USD,million,2026,2026-03-31,7531,,887,13131,6764,3973,3797,2553,5388,
Unity Software,U,USD,million,2018,2018-12-31,380.8,-130.3,-131.6,,316.1,,,-81.1,45.4,
Unity Software,U,USD,million,2019,2019-12-31,541.8,-150.7,-163.2,762.9,393.9,367.4,336.5,-67.9,218.3,
Unity Software,U,USD,million,2020,2020-12-31,772.4,-274.8,-282.3,2671.2,2037.1,2080.7,503.2,19.9,286.3,
Unity Software,U,USD,million,2021,2021-12-31,1110.5,-531.7,-532.6,4841.3,2394.4,2151.1,626.2,-111.4,1620.1,
Unity Software,U,USD,million,2022,2022-12-31,1391.0,-882.2,-921.1,7834.0,3528.3,2364.6,1010.3,-59.4,3201.0,
Unity Software,U,USD,million,2023,2023-12-31,2187.3,-832.8,-822.0,7243.4,3182.6,2324.9,894.1,234.7,3166.3,
Unity Software,U,USD,million,2024,2024-12-31,1813.3,-755.1,-664.1,6737.4,3190.7,2225.4,889.5,315.6,3166.3,
Unity Software,U,USD,million,2025,2025-12-31,1849.6,-479.1,-402.8,6837.6,3237.4,2812.5,1525.9,423.0,3166.3,
Nazara Technologies,NAZARA,INR,crore,2017,2017-03-31,190,61,61,265,223,,,57,,
Nazara Technologies,NAZARA,INR,crore,2018,2018-03-31,172,49,1,465,352,,,3,,
Nazara Technologies,NAZARA,INR,crore,2019,2019-03-31,170,15,7,509,407,,,19,,
Nazara Technologies,NAZARA,INR,crore,2020,2020-03-31,247,-7,-27,773,507,,,-2,,
Nazara Technologies,NAZARA,INR,crore,2021,2021-03-31,454,39,14,1018,658,,,68,,
Nazara Technologies,NAZARA,INR,crore,2022,2022-03-31,622,86,51,1404,1041,,,62,,
Nazara Technologies,NAZARA,INR,crore,2023,2023-03-31,1091,102,61,1698,1104,,,8,,
Nazara Technologies,NAZARA,INR,crore,2024,2024-03-31,1138,99,75,2753,1999,,,91,,
Nazara Technologies,NAZARA,INR,crore,2025,2025-03-31,1624,115,51,4418,2863,,,66,,
Nazara Technologies,NAZARA,INR,crore,2026,2026-03-31,1829,-28,82,4342,3473,,,149,,
