ticker,metric,pre,post,change
TTWO,revenue_cagr,3322.2000,5879.8667,0.1534
TTWO,operating_margin,0.1531,-0.4888,-0.6419
TTWO,operating_margin_ex_impairment,0.1531,-0.1331,-0.2862
TTWO,net_margin,0.1416,-0.5132,-0.6549
TTWO,roa,0.0811,-0.2754,-0.3565
TTWO,roe,0.1486,-0.9469,-1.0955
TTWO,ocf_to_assets,0.1098,0.0201,-0.0897
TTWO,current_ratio,1.8138,0.9846,-0.8292
TTWO,goodwill_to_assets,0.0900,0.1969,0.1069
EA,revenue_cagr,5372.0000,7483.6667,0.0864
EA,operating_margin,0.2160,0.1946,-0.0214
EA,operating_margin_ex_impairment,0.2160,0.1946,-0.0214
EA,net_margin,0.3011,0.1422,-0.1590
EA,roa,0.1501,0.0817,-0.0684
EA,roe,0.2351,0.1516,-0.0834
EA,ocf_to_assets,0.1600,0.1519,-0.0081
EA,current_ratio,2.5657,1.1766,-1.3891
EA,goodwill_to_assets,0.1989,0.4117,0.2128
U,revenue_cagr,808.2333,1950.0667,0.2463
U,operating_margin,-0.3709,-0.3521,0.0188
U,operating_margin_ex_impairment,-0.3709,-0.3521,0.0188
U,net_margin,-0.3821,-0.3199,0.0622
U,roa,-0.1432,-0.0903,0.0529
U,roe,-0.2584,-0.1969,0.0615
U,ocf_to_assets,-0.0349,0.0470,0.0819
U,current_ratio,2.8873,2.3151,-0.5722
U,goodwill_to_assets,0.2427,0.4567,0.2141
NAZARA,revenue_cagr,177.3333,722.3333,0.4206
NAZARA,operating_margin,0.2314,0.1059,-0.1255
NAZARA,operating_margin_ex_impairment,0.2314,0.1059,-0.1255
NAZARA,net_margin,0.1227,0.0562,-0.0664
NAZARA,roa,0.0820,0.0287,-0.0534
NAZARA,roe,0.0979,0.0418,-0.0560
NAZARA,ocf_to_assets,0.0863,0.0386,-0.0477
NAZARA,current_ratio,,,
NAZARA,goodwill_to_assets,,,
