company,ticker,currency,unit,fiscal_year,period_end,revenue,operating_income,net_income,total_assets,equity,current_assets,current_liabilities,operating_cash_flow,goodwill,goodwill_impairment,revenue_growth,operating_margin,operating_margin_ex_impairment,net_margin,roa,roe,ocf_to_assets,current_ratio,goodwill_to_assets
Electronic Arts,EA,USD,million,2018,2018-03-31,5150.0000,1434.0000,1043.0000,8584.0000,4595.0000,6004.0000,2491.0000,,1883.0000,,,0.2784,0.2784,0.2025,0.1215,0.2270,,2.4103,0.2194
Electronic Arts,EA,USD,million,2019,2019-03-31,4950.0000,996.0000,1019.0000,8957.0000,5331.0000,6381.0000,2265.0000,1547.0000,1892.0000,,-0.0388,0.2012,0.2012,0.2059,0.1138,0.1911,0.1727,2.8172,0.2112
Electronic Arts,EA,USD,million,2020,2020-03-31,5537.0000,1445.0000,3039.0000,11112.0000,7461.0000,6517.0000,2664.0000,1797.0000,1885.0000,,0.1186,0.2610,0.2610,0.5489,0.2735,0.4073,0.1617,2.4463,0.1696
Electronic Arts,EA,USD,million,2021,2021-03-31,5629.0000,1046.0000,837.0000,13288.0000,7840.0000,7213.0000,2964.0000,1934.0000,2868.0000,,0.0166,0.1858,0.1858,0.1487,0.0630,0.1068,0.1455,2.4335,0.2158
Electronic Arts,EA,USD,million,2022,2022-03-31,6991.0000,1129.0000,789.0000,13800.0000,7625.0000,4151.0000,3513.0000,1899.0000,5387.0000,,0.2420,0.1615,0.1615,0.1129,0.0572,0.1035,0.1376,1.1816,0.3904
Electronic Arts,EA,USD,million,2023,2023-03-31,7426.0000,1332.0000,802.0000,13459.0000,7293.0000,3969.0000,3285.0000,1550.0000,5380.0000,,0.0622,0.1794,0.1794,0.1080,0.0596,0.1100,0.1152,1.2082,0.3997
Electronic Arts,EA,USD,million,2024,2024-03-31,7562.0000,1518.0000,1273.0000,13420.0000,7513.0000,4247.0000,3090.0000,2315.0000,5379.0000,,0.0183,0.2007,0.2007,0.1683,0.0949,0.1694,0.1725,1.3744,0.4008
Electronic Arts,EA,USD,million,2025,2025-03-31,7463.0000,1520.0000,1121.0000,12368.0000,6386.0000,3276.0000,3459.0000,2079.0000,5376.0000,,-0.0131,0.2037,0.2037,0.1502,0.0906,0.1755,0.1681,0.9471,0.4347
Electronic Arts,EA,USD,million,2026,2026-03-31,7531.0000,,887.0000,13131.0000,6764.0000,3973.0000,3797.0000,2553.0000,5388.0000,,0.0091,,,0.1178,0.0676,0.1311,0.1944,1.0464,0.4103
Nazara Technologies,NAZARA,INR,crore,2017,2017-03-31,190.0000,61.0000,61.0000,265.0000,223.0000,,,57.0000,,,,0.3211,0.3211,0.3211,0.2302,0.2735,0.2151,,
Nazara Technologies,NAZARA,INR,crore,2018,2018-03-31,172.0000,49.0000,1.0000,465.0000,352.0000,,,3.0000,,,-0.0947,0.2849,0.2849,0.0058,0.0022,0.0028,0.0065,,
Nazara Technologies,NAZARA,INR,crore,2019,2019-03-31,170.0000,15.0000,7.0000,509.0000,407.0000,,,19.0000,,,-0.0116,0.0882,0.0882,0.0412,0.0138,0.0172,0.0373,,
Nazara Technologies,NAZARA,INR,crore,2020,2020-03-31,247.0000,-7.0000,-27.0000,773.0000,507.0000,,,-2.0000,,,0.4529,-0.0283,-0.0283,-0.1093,-0.0349,-0.0533,-0.0026,,
Nazara Technologies,NAZARA,INR,crore,2021,2021-03-31,454.0000,39.0000,14.0000,1018.0000,658.0000,,,68.0000,,,0.8381,0.0859,0.0859,0.0308,0.0138,0.0213,0.0668,,
Nazara Technologies,NAZARA,INR,crore,2022,2022-03-31,622.0000,86.0000,51.0000,1404.0000,1041.0000,,,62.0000,,,0.3700,0.1383,0.1383,0.0820,0.0363,0.0490,0.0442,,
Nazara Technologies,NAZARA,INR,crore,2023,2023-03-31,1091.0000,102.0000,61.0000,1698.0000,1104.0000,,,8.0000,,,0.7540,0.0935,0.0935,0.0559,0.0359,0.0553,0.0047,,
Nazara Technologies,NAZARA,INR,crore,2024,2024-03-31,1138.0000,99.0000,75.0000,2753.0000,1999.0000,,,91.0000,,,0.0431,0.0870,0.0870,0.0659,0.0272,0.0375,0.0331,,
Nazara Technologies,NAZARA,INR,crore,2025,2025-03-31,1624.0000,115.0000,51.0000,4418.0000,2863.0000,,,66.0000,,,0.4271,0.0708,0.0708,0.0314,0.0115,0.0178,0.0149,,
Nazara Technologies,NAZARA,INR,crore,2026,2026-03-31,1829.0000,-28.0000,82.0000,4342.0000,3473.0000,,,149.0000,,,0.1262,-0.0153,-0.0153,0.0448,0.0189,0.0236,0.0343,,
Take-Two Interactive,TTWO,USD,million,2018,2018-03-31,1792.9000,,173.5000,3737.8000,1489.0000,2409.2000,1726.9000,493.5000,399.5000,,,,,0.0968,0.0464,0.1165,0.1320,1.3951,0.1069
Take-Two Interactive,TTWO,USD,million,2019,2019-03-31,2668.4000,206.7000,333.8000,4243.1000,2040.6000,2827.8000,1951.8000,843.5000,381.7000,,0.4883,0.0775,0.0775,0.1251,0.0787,0.1636,0.1988,1.4488,0.0900
Take-Two Interactive,TTWO,USD,million,2020,2020-03-31,3089.0000,425.3000,404.5000,4948.8000,2539.2000,3493.4000,2038.5000,685.7000,386.5000,,0.1576,0.1377,0.1377,0.1309,0.0817,0.1593,0.1386,1.7137,0.0781
Take-Two Interactive,TTWO,USD,million,2021,2021-03-31,3372.8000,629.4000,588.9000,6028.2000,3331.9000,4220.5000,2234.7000,912.3000,535.3000,,0.0919,0.1866,0.1866,0.1746,0.0977,0.1767,0.1513,1.8886,0.0888
Take-Two Interactive,TTWO,USD,million,2022,2022-03-31,3504.8000,473.6000,418.0000,6546.2000,3809.7000,3871.1000,2105.0000,258.0000,674.6000,0.0000,0.0391,0.1351,0.1351,0.1193,0.0639,0.1097,0.0394,1.8390,0.1031
Take-Two Interactive,TTWO,USD,million,2023,2023-03-31,5349.9000,-1165.2000,-1124.7000,15862.1000,9042.5000,2508.1000,3851.6000,1.1000,6767.1000,0.0000,0.5264,-0.2178,-0.2178,-0.2102,-0.0709,-0.1244,0.0001,0.6512,0.4266
Take-Two Interactive,TTWO,USD,million,2024,2024-03-31,5349.6000,-3590.6000,-3744.2000,12216.9000,5667.9000,2259.7000,2406.4000,-16.1000,4426.4000,2342.1000,-0.0001,-0.6712,-0.2334,-0.6999,-0.3065,-0.6606,-0.0013,0.9390,0.3623
Take-Two Interactive,TTWO,USD,million,2025,2025-03-31,5633.6000,-4391.1000,-4478.9000,9180.7000,2137.7000,2815.9000,3615.8000,-45.2000,1057.3000,3545.2000,0.0531,-0.7794,-0.1502,-0.7950,-0.4879,-2.0952,-0.0049,0.7788,0.1152
Take-Two Interactive,TTWO,USD,million,2026,2026-03-31,6656.4000,-104.2000,-298.2000,9383.2000,3510.9000,3199.5000,2588.8000,624.3000,1061.9000,0.0000,0.1816,-0.0157,-0.0157,-0.0448,-0.0318,-0.0849,0.0665,1.2359,0.1132
Unity Software,U,USD,million,2018,2018-12-31,380.8000,-130.3000,-131.6000,,316.1000,,,-81.1000,45.4000,,,-0.3422,-0.3422,-0.3456,,-0.4163,,,
Unity Software,U,USD,million,2019,2019-12-31,541.8000,-150.7000,-163.2000,762.9000,393.9000,367.4000,336.5000,-67.9000,218.3000,,0.4228,-0.2781,-0.2781,-0.3012,-0.2139,-0.4143,-0.0890,1.0918,0.2861
Unity Software,U,USD,million,2020,2020-12-31,772.4000,-274.8000,-282.3000,2671.2000,2037.1000,2080.7000,503.2000,19.9000,286.3000,,0.4256,-0.3558,-0.3558,-0.3655,-0.1057,-0.1386,0.0074,4.1349,0.1072
Unity Software,U,USD,million,2021,2021-12-31,1110.5000,-531.7000,-532.6000,4841.3000,2394.4000,2151.1000,626.2000,-111.4000,1620.1000,,0.4377,-0.4788,-0.4788,-0.4796,-0.1100,-0.2224,-0.0230,3.4352,0.3346
Unity Software,U,USD,million,2022,2022-12-31,1391.0000,-882.2000,-921.1000,7834.0000,3528.3000,2364.6000,1010.3000,-59.4000,3201.0000,,0.2526,-0.6342,-0.6342,-0.6622,-0.1176,-0.2611,-0.0076,2.3405,0.4086
Unity Software,U,USD,million,2023,2023-12-31,2187.3000,-832.8000,-822.0000,7243.4000,3182.6000,2324.9000,894.1000,234.7000,3166.3000,,0.5725,-0.3807,-0.3807,-0.3758,-0.1135,-0.2583,0.0324,2.6003,0.4371
Unity Software,U,USD,million,2024,2024-12-31,1813.3000,-755.1000,-664.1000,6737.4000,3190.7000,2225.4000,889.5000,315.6000,3166.3000,,-0.1710,-0.4164,-0.4164,-0.3662,-0.0986,-0.2081,0.0468,2.5019,0.4700
Unity Software,U,USD,million,2025,2025-12-31,1849.6000,-479.1000,-402.8000,6837.6000,3237.4000,2812.5000,1525.9000,423.0000,3166.3000,,0.0200,-0.2590,-0.2590,-0.2178,-0.0589,-0.1244,0.0619,1.8432,0.4631
